{"cameraMode":{"drawMode":0,"name":"Shaded","section":"Shading Mode"},"sceneLighting":false,"audioPlay":false,"sceneViewState":{"showFog":true,"showMaterialUpdate":false,"showSkybox":false,"showFlares":true,"showImageEffects":true,"showParticleSystems":true},"in2DMode":false,"pivot":{"x":-0.7471256256103516,"y":-0.26106584072113039,"z":-0.0000010728836059570313},"rotation":{"x":-0.11082234978675842,"y":0.7124925255775452,"z":-0.11558105051517487,"w":-0.6831645965576172},"size":18.134187698364259,"orthographic":false}