{"cameraMode":{"drawMode":0,"name":"Shaded","section":"Shading Mode"},"sceneLighting":false,"audioPlay":false,"sceneViewState":{"showFog":true,"showMaterialUpdate":false,"showSkybox":false,"showFlares":true,"showImageEffects":true,"showParticleSystems":true},"in2DMode":false,"pivot":{"x":-10.054635047912598,"y":-11.593082427978516,"z":-13.404716491699219},"rotation":{"x":0.022444630041718484,"y":0.9553354978561401,"z":-0.2848981022834778,"w":0.07525622099637985},"size":46.594078063964847,"orthographic":false}