{"cameraMode":{"drawMode":0,"name":"Shaded","section":"Shading Mode"},"sceneLighting":false,"audioPlay":false,"sceneViewState":{"showFog":true,"showMaterialUpdate":false,"showSkybox":false,"showFlares":true,"showImageEffects":true,"showParticleSystems":true},"in2DMode":false,"pivot":{"x":-1.502287745475769,"y":1.6545829772949219,"z":-41.74394226074219},"rotation":{"x":-0.00313473935239017,"y":0.985941469669342,"z":-0.166020467877388,"w":-0.018624136224389077},"size":32.56181716918945,"orthographic":false}