{"cameraMode":{"drawMode":0,"name":"Shaded","section":"Shading Mode"},"sceneLighting":true,"audioPlay":false,"sceneViewState":{"showFog":true,"showMaterialUpdate":false,"showSkybox":true,"showFlares":true,"showImageEffects":true,"showParticleSystems":true},"in2DMode":false,"pivot":{"x":0.1219673752784729,"y":2.171555519104004,"z":4.7191267013549809},"rotation":{"x":0.00024026162282098085,"y":0.9910592436790466,"z":-0.13341057300567628,"w":0.0017847089329734445},"size":10.0,"orthographic":false}